QNo,Subject,Topic,Question,OptA,OptB,OptC,OptD,Answer,Posted,
101,UK GK,Polity,What was the total number of seats in Vidhan Sabha for Uttarakhand in the undivided Uttar Pradesh?,20,21,22,23,C) 22,,
102,UK GK,Polity,Which of the following Vidhan Sabha seats is reserved for Scheduled Tribes in Uttarakhand?,Purola,Khatima,Nanakmatta,Jhabrera,A) Purola,,
103,UK GK,Polity,Which commission rejected Gairsain as the permanent capital of Uttarakhand?,Koushik Commission,Koshyari Commission,Dixit Commission,Rautela Commission,C) Dixit Commission,,
104,UK GK,Geography,Dunagiri mountain peak is situated in which district?,Pithoragarh,Chamoli,Almora,Bageshwar,A) Pithoragarh,,
105,UK GK,IT/Industry,Where is IT park established in Uttarakhand?,Haridwar,Pauri,Dehradun,Nainital,C) Dehradun,,
106,UK GK,Geography,In which of the following districts is the Nanda Devi peak situated?,Chamoli,Pauri Garhwal,Tehri Garhwal,Almora,A) Chamoli,,
107,UK GK,Land Reforms,In which year was the Zamindari Abolition and Land Reforms Act implemented in Uttarakhand?,2016,2017,2020,2021,D) 2021,,
108,UK GK,Migration,According to the Uttarakhand migration commission which district has the maximum number of Ghost villages?,Haridwar,Dehradun,Uddham S.Nagar,Pauri,D) Pauri,,
109,UK GK,Culture,Pappu Karki was associated with which form of art?,Music,Dance,Painting,Sculpture,A) Music,,
110,UK GK,Culture,Which among the following is not a traditional nose ornament of Uttarakhand?,Nath,Murkhi,Bulaak,Fuli,C) Bulaak,,
111,UK GK,Agriculture,Finger millet is known in Uttarakhand as?,Jhandla,Bajra,Cheena,Mandua,D) Mandua,,
112,UK GK,Polity,For how many days Sri Tirath Singh Rawat was the chief minister of Uttarakhand?,225,86,116,316,C) 116,,
113,UK GK,Polity,At present what is the total number of municipal corporations in Uttarakhand?,9,7,8,6,A) 9,,
114,UK GK,Culture,Chhapeli is a form of?,Song,Dance,Ornament,Animal,B) Dance,,
115,UK GK,History,In Uttarakhand the duty of a KAMIN was to?,Collect revenue in certain villages,Manage Water Supply,Collect Food from forests,Arrange Marriages,A) Collect revenue in certain villages,,
116,UK GK,Geography,Which of the following peaks is not situated in Uttarakhand?,Nandakot,Chaukhamba,Kula Kangri,Dunagiri,C) Kula Kangri,,
117,UK GK,Polity,Who was the first woman Governor of Uttarakhand?,Baby Rani Maurya,Mridula Sinha,Margaret Alva,Sheila Dikshit,C) Margaret Alva,,
118,UK GK,Polity,When was President's Rule enforced upon Uttarakhand?,27 March 2016,20 March 2017,28 March 2016,20 March 2016,A) 27 March 2016,,
119,UK GK,Polity,What is the percentage of reservation given to the State Revolutionaries?,10,20,2,5,A) 10,,
120,UK GK,Symbols,How many types of Brahma Kamal are found in Uttarakhand?,25,24,23,35,B) 24,,
121,UK GK,Polity,To whom does the Uttarakhand Public Service Commission submit its annual report?,Chief Minister,Governor,Finance Minister,Chief Justice of High Court,B) Governor,,
122,UK GK,Geography,Which district in Uttarakhand has the lowest area?,Rudraprayag,Champawat,Bageshwar,Dehradun,B) Champawat,,
123,UK GK,Geography,Which district in Uttarakhand has the largest area?,Haridwar,Pithoragarh,Tehri,Chamoli,D) Chamoli,,
124,UK GK,History,When were the districts Rudraprayag Champawat and Bageshwar formed?,1997,1996,1995,2001,B) 1996,,
125,UK GK,Polity,How many Lok Sabha seats are there in Uttarakhand?,7,3,4,5,D) 5,,
126,UK GK,Polity,What is the percentage of reservation given to players of Uttarakhand?,6,4,2,8,B) 4,,
127,UK GK,Polity,Who was the first Deputy Speaker of Uttarakhand?,Mridula Sinha,Vijaya Barthwal,Margaret Alva,Amrita Rawat,B) Vijaya Barthwal,,
128,UK GK,Polity,What is the amount of reservation given to women in the panchayats of Uttarakhand?,33%,50%,25%,45%,B) 50%,,
129,UK GK,Polity,Which is the winter capital of Uttarakhand?,Gairsain,Dehradun,Haridwar,Joshimath,B) Dehradun,,
130,UK GK,Culture,Who has sung the State Song of Uttarakhand?,Narendra Singh Negi,Anuradha Nirala,Anuradha Paudwal,Both (a) and (b),D) Both (a) and (b),,
131,UK GK,Polity,How many Loksabha seats are reserved for Scheduled castes in Uttarakhand?,1,13,2,4,A) 1,,
132,UK GK,Polity,What is the percentage of reservation given to Freedom Fighters of India in Uttarakhand?,5,2,10,12,B) 2,,
133,UK GK,Polity,Who was the first protem speaker of Uttarakhand?,Prakash Pant,Yashpal Arya,Sudarshan Agarwal,Qazi Moinuddin,D) Qazi Moinuddin,,
134,UK GK,Polity,What is the percentage of reservation given to Ex-servicemen in Uttarakhand?,2,6,5,10,C) 5,,
135,UK GK,Polity,Who was the speaker of the Interim Legislative Assembly of Uttarakhand?,Prakash Pant,Yashpal Arya,Sudarshan Agarwal,Qazi Moinuddin,B) Yashpal Arya,,
136,UK GK,Polity,Who was the speaker of the first elected Legislative Assembly of Uttarakhand?,Prakash Pant,Yashpal Arya,Sudarshan Agarwal,Qazi Moinuddin,B) Yashpal Arya,,
137,UK GK,Wildlife,Askot Wildlife Sanctuary is located in which district?,Pithoragarh,Champawat,Almora,Bageshwar,A) Pithoragarh,,
138,UK GK,Geography,Which of the following districts touches the maximum number of other districts of Uttarakhand?,Chamoli,Tehri,Pauri,Almora,C) Pauri,,
139,UK GK,Geography,At which number does Uttarakhand stand according to the year of formation?,28,27,26,24,B) 27,,
140,UK GK,Culture,Who has written the state song of Uttarakhand?,Hem Rawat,Hemant Rawat,Hemant Rana,Hemant Bisht,D) Hemant Bisht,,
141,UK GK,Culture,What is the duration of the Uttarakhand State song?,58 seconds,5 minutes,7 minutes,9 minutes,D) 9 minutes,,
142,UK GK,Polity,Which committee has been formed by the state government to decide the permanent Capital of Uttarakhand?,Banerjee Committee,Ashok Mehta Committee,Pant Committee,Dikshit Committee,D) Dikshit Committee,,
143,UK GK,Flora,What is the appropriate time for the flowering of Buransh?,May-July,July-June,August-October,February-April,D) February-April,,
144,UK GK,Flora,Which god is worshipped with the flowers of Brahma Kamal?,Brahma,Vishnu,Shiv,Krishna,C) Shiv,,
145,UK GK,Geography,Uttarakhand makes up how much percentage of the country's total area?,2.69,1.69,3.69,4.22,B) 1.69,,
146,UK GK,Geography,How much percentage area of the state comes under hilly region?,86.07%,88.07%,89.07%,80.07%,A) 86.07%,,
147,UK GK,Geography,What is the length of the border of Uttarakhand with China?,350 km,450 km,335 km,275 km,A) 350 km,,
148,UK GK,Geography,Only district to have borders with two countries?,Uttarkashi,Chamoli,Pithoragarh,Udham Singh Nagar,C) Pithoragarh,,
149,UK GK,Geography,District having longest International border?,Uttarkashi,Chamoli,Pithoragarh,Udham Singh Nagar,C) Pithoragarh,,
150,UK GK,Geography,How many mandals are there in Uttarakhand?,5,10,3,2,D) 2,,
151,UK GK,Census,In what order of the Indian states was Uttarakhand created?,24th,28th,22nd,27th,D) 27th,,
152,UK GK,Census,What was the rank of Uttarakhand with respect to sex-ratio in India?,13th,17th,25th,20th,A) 13th,,
153,UK GK,Census,Which of the following districts has lowest literacy rate per 2011 census?,Tehri Garhwal,Pauri Garhwal,Chamoli,Udhamsingh Nagar,D) Udhamsingh Nagar,,
154,UK GK,Census,What is the sex ratio of Uttarakhand?,940,953,963,972,C) 963,,
155,UK GK,Census,Which district has the highest population in Uttarakhand?,Dehradun,Chamoli,Uttarkashi,Haridwar,D) Haridwar,,
156,UK GK,Census,District having lowest literacy rate in Uttarakhand is?,Dehradun,Chamoli,Pauri,US Nagar,D) US Nagar,,
157,UK GK,Census,Which district has the highest sex ratio in Uttarakhand?,Chamoli,Pauri,Uttarkashi,Almora,D) Almora,,
158,UK GK,Census,Which district had the highest decadal growth rate for 2001-11?,Dehradun,Chamoli,Pauri,US Nagar,D) US Nagar,,
159,UK GK,Census,Which two districts recorded negative decadal growth rate for 2001-11?,Bageshwar and Champawat,Almora and Pauri Garhwal,Pauri Garhwal and Nainital,US Nagar and Almora,B) Almora and Pauri Garhwal,,
160,UK GK,Census,Which district has the least population in Uttarakhand?,Rudraprayag,Bageshwar,Uttarkashi,Champawat,A) Rudraprayag,,
161,UK GK,Census,District having highest population density is?,Haridwar,Chamoli,Dehradun,U.S. Nagar,A) Haridwar,,
162,UK GK,Census,District having lowest male literacy rate in Uttarakhand is?,Bageshwar,US Nagar,Haridwar,Uttarkashi,C) Haridwar,,
163,UK GK,Census,District having lowest population density is?,Champawat,Chamoli,Uttarkashi,U.S. Nagar,C) Uttarkashi,,
164,UK GK,Census,Average literacy percentage in Uttarakhand is?,78.82,70.70,68.90,81.20,A) 78.82,,
165,UK GK,Census,Female literacy percentage in Uttarakhand is?,76.80,70.00,68.90,81.20,B) 70.00,,
166,UK GK,Census,What is the total population of Uttarakhand?,100-86-292,100-66-292,100-76-792,100-96-292,A) 100-86-292,,
167,UK GK,Census,How much percentage of India's total population resides in Uttarakhand?,0.73,0.83,0.93,1.13,B) 0.83,,
168,UK GK,Census,Most urbanized district of Uttarakhand is?,Dehradun,Haridwar,Pauri,Nainital,A) Dehradun,,
169,UK GK,Census,Least urbanized district of Uttarakhand is?,Rudraprayag,Haridwar,Bageshwar,Champawat,C) Bageshwar,,
170,UK GK,Tourist Places,The place famous as Bardoli of Garhwal is?,Dugadda,Guzadu,Dhorin,Sitonsiyum,B) Guzadu,,
171,UK GK,Tourist Places,On which river banks the famous Garjiya temple is situated?,Nayar River,Kosi River,Tons River,Pindari River,B) Kosi River,,
172,UK GK,Tourist Places,Which place is known as Mini Kashmir?,Kausani,Ranikhet,Mussoorie,Pithoragarh,D) Pithoragarh,,
173,UK GK,Tourist Places,Which place is referred to as Soar Valley?,Pithoragarh,Dehradun,Patli Dun,Har ki Dun,A) Pithoragarh,,
174,UK GK,Tourist Places,Which place is known as the Dwarka of Himalaya?,Dwarahat,Gangolihat,Didihaat,Ranikhet,A) Dwarahat,,
175,UK GK,Tourist Places,From which place does Kedarnath Yatra begin?,Homkund,Macchkund,Gaurikund,Joshimath,C) Gaurikund,,
176,UK GK,Tourist Places,Which place is known as Khajuraho of Kumaon?,Almora,Dwarahat,Kashipur,Shitlakhet,B) Dwarahat,,
177,UK GK,Tourist Places,Which place is known as the entry gate of Corbett?,Ramnagar,Kaladhungi,Dhikala,Patli Dun,A) Ramnagar,,
178,UK GK,Tourist Places,Which place is known as the Switzerland of India by Gandhiji?,Kausani,Ranikhet,Mussoorie,Pithoragarh,A) Kausani,,
179,UK GK,Tourist Places,Which place is known as Mini Switzerland?,Chopta,Kausani,Harshil,Mussoorie,A) Chopta,,
180,UK GK,Religious Places,Guptkashi is located in which district?,Uttarkashi,Varanasi,Chamoli,Rudraprayag,D) Rudraprayag,,
181,UK GK,Religious Places,Mana Village is located in which district?,Chamoli,Uttarkashi,Rudraprayag,Pithoragarh,A) Chamoli,,
182,UK GK,Religious Places,In which district is the Badrinath Temple located?,Uttarkashi,Chamoli,Pauri,Tehri,B) Chamoli,,
183,UK GK,Religious Places,In which district is Kedarnath located?,Rudraprayag,Uttarkashi,Chamoli,Tehri,A) Rudraprayag,,
184,UK GK,Religious Places,Nanakmatta Sahib Gurudwara is located in which district?,Udham Singh Nagar,Dehradun,Champawat,Haridwar,A) Udham Singh Nagar,,
185,UK GK,Religious Places,Which is the highest temple amongst the Panch Kedars?,Kedarnath,Rudranath,Kalpeshwar Mahadev,Tungnath,D) Tungnath,,
186,UK GK,Religious Places,Sonprayag is at the confluence of?,Mandakini and Basuki,Mandakini and Rishi Ganga,Alaknanda and Basuki,Alaknanda and Rishi Ganga,A) Mandakini and Basuki,,
187,UK GK,Religious Places,Vishnuprayag is at the confluence of Alaknanda and which river?,Vishnu Ganga,Dhauli Ganga,Pindar,Mandakini,B) Dhauli Ganga,,
188,UK GK,Geography,What is the latitudinal extent of Uttarakhand?,23°43 to 33°27 N,21°43 to 30°27 N,28°43 to 31°27 N,26°43 to 30°27 N,C) 28°43 to 31°27 N,,
189,UK GK,Geography,What is the longitudinal extent of Uttarakhand?,77°34 to 81°02 E,70°34 to 85°34 E,81°34 to 75°34 E,68°43 to 77°43 E,A) 77°34 to 81°02 E,,
190,UK GK,Geography,What is the total area (in sqkm) of Uttarakhand?,58458,58453,53963,53483,D) 53483,,
191,UK GK,Geography,How many districts of the state do not share any border with other states or countries?,4,3,5,2,A) 4,,
