start,end,type,asset,text
,,musicoff,,(cold open: no music until your face appears - put 0:00 and that time)
,,title,,942 / 953
,,title,,948 / 953
,,title,,846 / 839|but no Master's degree
,,lowerthird,,Bhanu | Lower PCS Selected (UKPSC) | 7 Mains | 4 UPSC Interviews
,,card,LOGO,Test Series + Crash Course - Link in description
,,title,,2019
,,title,,2021
,,full,2021RESULT,
,,musicoff,,(3-4 seconds of silence after the 942 moment)
,,zoom,,(slow push-in on your face)
,,title,,2023
,,full,2023 MARKSHEET,
,,title,,UKPSC UPPER PCS
,,full,2024 UPPER PCS RESULT,
,,text,,Eligibility ke papers time pe complete karo
,,full,PCS INTERVIEW DAY PHOTO,
,,full,LOWER PCS RESULT,
,,sound,win,(put a short win sound as music\win.mp3 - start same time as the result)
,,title,,LESSON 1|Prelims screening hai, Mains asli exam
,,text,,Prelims = filter. Selection = Mains + Interview
,,title,,LESSON 2|The 50% rule
,,text,,Har paper 50%+ | UK papers 100-100 | Interview ~100
,,title,,LESSON 3|Hindi aur Essay ko halke mein mat lo
,,title,,LESSON 4|Presentation = free marks
,,full,MAP UTTARAKHAND,
,,title,,LESSON 5|Apni marksheet analyse karo
,,text,,Content ki kami nahi - practice aur feedback ki kami hai
,,full,UTTARAKAND DECODED BOOK,
,,full,Uttrakhand decoded on table,
,,full,HINDI BOOK,
,,full,ENGLISH BOOK,
,,full,BOOK STUDENT FEEDABCK,
,,full,E BOOK POLITY DECODED.JPG,
,,full,WEBSITE HOMEPAGE,
,,full,WEBSITE ALL COURSES,
,,lowerthird,,UKPSC Decoded - managed by [BROTHER'S NAME]
,,corner,2021RESULT,(end montage - 1 sec each)
,,corner,UTTARAKAND DECODED BOOK,(end montage)
,,text,,Galtiyan meri ho chuki hain - aapko repeat karne ki zaroorat nahi
